%Atmospheric Pressure [Pa],Atmospheric Temperature [K],Atmospheric Density [kg/m^3],Airspeed [m/s],Pitot Dynamic Pressure [Pa],Aux Dynamic Pressure [Pa],Scanivalve Pressure 1 [Pa],Scanivalve Pressure 2 [Pa],Scanivalve Pressure 3 [Pa],Scanivalve Pressure 4 [Pa],Scanivalve Pressure 5 [Pa],Scanivalve Pressure 6 [Pa],Scanivalve Pressure 7 [Pa],Scanivalve Pressure 8 [Pa],Scanivalve Pressure 9 [Pa],Scanivalve Pressure 10 [Pa],Scanivalve Pressure 11 [Pa],Scanivalve Pressure 12 [Pa],Scanivalve Pressure 13 [Pa],Scanivalve Pressure 14 [Pa],Scanivalve Pressure 15 [Pa],Scanivalve Pressure 16 [Pa],Angle of Attack [deg],Sting Normal Force [N],Sting Axial Force [N],Sting Pitching Moment [Nm],ELD Probe X axis [mm],ELD Probe Y axis [mm]
83565.826,302.194,0.963,8.962,38.685,-5.187,-10.266,17.527,5.136,-9.080,-11.009,-14.629,-13.665,-11.446,-6.474,-7.604,-13.599,-33.554,-32.507,-34.687,-35.130,-34.996,-8.000,-544.798,-289.718,14.557,-320.540,102.196
83561.795,302.194,0.963,8.971,38.764,-5.187,-10.590,18.867,4.173,-9.497,-9.714,-14.629,-13.772,-11.660,-5.804,-8.541,-14.337,-31.536,-31.985,-33.851,-34.198,-33.983,-8.000,-544.798,-289.718,14.557,-320.540,102.196
83565.826,302.196,0.963,8.962,38.685,-5.187,-9.942,18.978,4.495,-9.289,-10.577,-14.422,-13.985,-11.553,-6.027,-8.333,-14.759,-32.174,-31.776,-34.269,-34.198,-34.433,-8.000,-544.798,-289.718,14.557,-320.557,102.185
83569.858,302.193,0.963,8.962,38.685,-5.187,-10.158,18.197,4.602,-8.663,-10.793,-14.837,-13.345,-12.088,-6.585,-8.958,-13.072,-32.917,-30.835,-33.328,-34.612,-34.883,-8.000,-544.798,-289.718,14.557,-320.557,102.185
83565.826,302.193,0.963,8.953,38.606,-5.347,-10.158,18.532,4.495,-9.289,-10.145,-15.563,-14.092,-11.553,-5.916,-9.791,-12.440,-33.023,-31.253,-33.224,-34.301,-36.121,-8.000,-544.798,-289.718,14.557,-320.573,102.175
83561.795,302.196,0.963,8.971,38.764,-5.347,-10.698,18.532,4.388,-8.976,-10.361,-14.005,-14.306,-11.553,-5.804,-9.166,-13.915,-33.660,-30.626,-33.328,-34.198,-35.671,-8.000,-544.798,-289.718,14.557,-320.557,102.175
83569.858,302.194,0.963,8.962,38.685,-5.187,-11.779,17.639,4.495,-8.767,-10.145,-14.731,-13.343,-12.195,-6.362,-9.791,-14.970,-33.554,-30.626,-33.015,-34.612,-36.571,-8.000,-544.798,-289.718,14.557,-320.540,102.196
83565.826,302.193,0.963,8.971,38.764,-5.187,-11.239,17.750,4.388,-8.871,-10.361,-14.731,-13.770,-11.448,-6.809,-6.666,-16.129,-33.660,-30.730,-33.746,-33.991,-37.021,-8.000,-544.798,-289.718,14.557,-320.557,102.175
83569.858,302.194,0.963,8.971,38.764,-5.027,-12.103,18.867,4.067,-8.558,-10.145,-14.420,-13.023,-11.769,-5.803,-5.416,-16.340,-32.917,-31.358,-34.478,-35.441,-37.246,-8.000,-544.798,-289.718,14.557,-320.508,102.185
83561.795,302.194,0.963,8.971,38.764,-5.187,-12.319,18.755,4.816,-9.498,-9.821,-14.524,-14.304,-11.555,-5.803,-5.730,-16.867,-33.235,-31.462,-35.209,-36.063,-37.246,-8.000,-544.798,-289.718,14.557,-320.524,102.185
83565.826,302.193,0.963,8.971,38.764,-4.707,-11.239,17.639,4.923,-8.871,-10.793,-14.939,-13.770,-11.876,-5.915,-6.772,-15.494,-34.297,-32.716,-34.373,-35.752,-38.034,-8.000,-544.798,-289.718,14.557,-320.573,102.185
83561.795,302.196,0.963,8.971,38.764,-5.027,-11.887,18.643,4.816,-9.498,-10.253,-15.457,-13.770,-11.662,-6.026,-7.293,-14.124,-34.828,-33.344,-33.955,-35.960,-37.809,-8.000,-544.798,-289.718,14.557,-320.540,102.185
83573.889,302.196,0.963,8.989,38.922,-5.187,-12.319,18.643,4.602,-9.706,-10.577,-14.731,-14.197,-11.876,-6.584,-6.147,-14.756,-35.677,-33.129,-35.105,-35.752,-37.359,-8.000,-544.798,-289.718,14.557,-320.557,102.185
83561.795,302.194,0.963,8.971,38.764,-5.187,-12.427,18.643,5.351,-9.393,-10.685,-14.835,-13.663,-12.411,-6.138,-5.521,-15.494,-35.359,-33.338,-33.851,-36.374,-37.021,-8.000,-544.798,-289.718,14.557,-320.557,102.185
83561.795,302.193,0.963,8.971,38.764,-5.187,-11.455,18.420,4.388,-8.558,-9.929,-15.353,-13.983,-11.127,-6.807,-6.667,-17.181,-34.934,-33.129,-34.373,-35.135,-38.709,-8.000,-544.798,-289.718,14.557,-320.540,102.185
83565.826,302.194,0.963,8.971,38.764,-5.027,-12.211,18.978,4.388,-9.080,-10.685,-14.005,-13.663,-11.769,-5.580,-8.334,-17.181,-34.615,-31.875,-34.896,-35.757,-36.233,-8.000,-544.798,-289.718,14.557,-320.557,102.185
83573.889,302.193,0.963,8.970,38.764,-5.187,-12.211,18.309,5.030,-9.289,-10.145,-14.731,-13.663,-12.197,-5.691,-8.543,-18.762,-34.085,-32.920,-33.955,-35.135,-36.683,-8.000,-544.798,-289.718,14.557,-320.557,102.175
83565.826,302.194,0.963,8.971,38.764,-5.187,-11.239,17.639,4.388,-8.871,-9.821,-14.835,-13.450,-10.592,-6.249,-8.855,-18.972,-35.253,-32.084,-33.537,-34.928,-36.908,-8.000,-544.798,-289.718,14.557,-320.557,102.185
83565.826,302.196,0.963,8.971,38.764,-5.027,-11.455,18.643,3.959,-9.080,-9.606,-14.420,-13.770,-11.769,-5.133,-10.418,-19.394,-34.403,-32.607,-33.851,-35.446,-36.008,-8.000,-544.798,-289.718,14.557,-320.540,102.196
83569.858,302.197,0.963,8.971,38.764,-4.867,-11.131,18.420,5.030,-9.706,-9.929,-14.316,-13.877,-11.448,-6.138,-9.793,-20.237,-34.722,-31.666,-34.164,-34.824,-35.671,-8.000,-544.798,-289.718,14.557,-320.540,102.185
83561.795,302.223,0.963,16.788,135.733,-9.670,-22.582,64.627,8.455,-42.060,-46.841,-53.321,-49.002,-38.938,-24.667,-10.833,-31.099,-76.770,-105.763,-132.143,-136.894,-136.381,-8.000,-544.798,-289.718,14.557,-320.540,102.196
83561.795,302.222,0.963,16.783,135.654,-9.830,-21.501,63.512,9.204,-41.851,-46.301,-53.633,-48.682,-39.580,-25.336,-13.749,-30.572,-80.486,-108.689,-130.576,-134.925,-134.693,-8.000,-544.798,-289.718,14.557,-320.540,102.185
83569.858,302.222,0.963,16.787,135.733,-9.510,-18.800,63.735,9.417,-41.851,-46.625,-53.633,-48.682,-38.938,-26.229,-10.833,-31.520,-84.946,-106.703,-129.323,-133.889,-134.018,-8.000,-544.798,-289.718,14.557,-320.540,102.185
83557.763,302.223,0.963,16.788,135.733,-9.510,-18.692,63.735,7.598,-42.367,-46.733,-53.840,-49.109,-39.045,-26.118,-7.708,-34.050,-85.265,-108.166,-128.278,-133.163,-131.992,-8.000,-544.798,-289.718,14.557,-320.573,102.207
83569.858,302.223,0.963,16.782,135.654,-9.670,-18.476,63.846,8.882,-42.680,-46.625,-54.048,-49.002,-39.152,-25.671,-12.187,-34.156,-88.450,-107.330,-128.800,-131.091,-131.992,-8.000,-544.798,-289.718,14.557,-320.540,102.175
83553.732,302.222,0.963,16.784,135.654,-9.670,-17.287,62.953,8.347,-41.845,-47.057,-53.737,-49.109,-39.259,-26.006,-13.541,-34.683,-87.707,-107.539,-126.084,-130.158,-132.105,-8.000,-544.798,-289.718,14.557,-320.524,102.185
83557.763,302.222,0.963,16.783,135.654,-9.510,-17.503,63.065,7.919,-42.054,-46.517,-54.360,-48.789,-38.617,-25.448,-16.041,-35.737,-86.220,-107.017,-124.309,-128.293,-131.205,-8.000,-544.798,-289.718,14.557,-320.508,102.196
83553.732,302.222,0.963,16.784,135.654,-9.510,-17.287,63.846,7.812,-42.367,-46.301,-53.322,-49.323,-38.410,-25.225,-16.457,-37.635,-88.769,-105.449,-124.413,-128.189,-131.542,-8.000,-544.798,-289.718,14.557,-320.540,102.196
83557.763,302.225,0.963,16.783,135.654,-9.349,-17.179,62.842,8.668,-42.054,-46.409,-53.530,-48.362,-39.159,-24.778,-17.187,-42.273,-87.070,-105.136,-123.682,-129.951,-133.343,-8.000,-544.798,-289.718,14.557,-320.524,102.175
83561.795,302.225,0.963,16.773,135.496,-9.670,-18.260,62.507,7.812,-41.845,-46.625,-53.530,-48.468,-38.303,-26.229,-21.982,-40.903,-87.282,-104.822,-122.533,-130.054,-132.780,-8.000,-544.798,-289.718,14.557,-320.557,102.218
83565.826,302.223,0.963,16.788,135.733,-9.670,-17.503,62.842,7.812,-42.054,-46.193,-53.322,-48.255,-38.303,-25.448,-19.377,-44.269,-84.415,-103.672,-122.637,-130.054,-131.430,-8.000,-544.798,-289.718,14.557,-320.540,102.185
83557.763,302.222,0.963,16.783,135.654,-9.349,-16.855,63.177,8.561,-41.741,-45.978,-52.700,-47.828,-38.089,-24.778,-19.794,-45.639,-86.539,-103.672,-121.175,-129.432,-130.079,-8.000,-544.798,-289.718,14.557,-320.557,102.196
83557.763,302.226,0.963,16.784,135.654,-9.510,-14.910,62.842,8.347,-41.950,-46.301,-53.426,-47.294,-36.698,-24.332,-24.586,-43.426,-85.159,-102.538,-121.488,-131.091,-130.980,-8.000,-544.798,-289.718,14.557,-320.573,102.196
83561.795,302.226,0.963,16.778,135.575,-9.670,-16.747,63.065,7.598,-42.054,-45.870,-53.011,-48.041,-37.447,-24.109,-24.378,-44.480,-83.672,-103.269,-122.115,-130.469,-130.529,-8.000,-544.798,-289.718,14.557,-320.573,102.207
83557.763,302.226,0.963,16.779,135.575,-9.830,-17.071,62.507,8.668,-42.576,-46.409,-53.011,-47.828,-37.126,-24.555,-23.336,-40.896,-85.265,-104.733,-123.786,-129.555,-127.491,-8.000,-544.798,-289.718,14.557,-320.540,102.196
83557.763,302.225,0.963,16.783,135.654,-9.510,-15.667,62.619,8.561,-42.158,-46.841,-52.804,-47.828,-37.447,-26.118,-19.586,-34.994,-89.194,-105.987,-121.802,-127.067,-125.466,-8.000,-544.798,-289.718,14.557,-320.573,102.196
83557.763,302.222,0.963,16.783,135.654,-9.670,-13.722,63.512,7.491,-41.636,-46.409,-53.633,-48.148,-37.340,-25.894,-15.627,-35.837,-88.557,-106.196,-122.742,-125.927,-125.241,-8.000,-544.798,-289.718,14.557,-320.540,102.196
83553.732,302.223,0.963,16.789,135.733,-9.510,-13.938,63.065,8.133,-42.680,-46.086,-53.322,-48.682,-37.554,-25.001,-15.210,-38.577,-88.663,-107.241,-125.040,-127.585,-129.629,-8.000,-544.798,-289.718,14.557,-320.540,102.196
83561.795,302.226,0.963,16.783,135.654,-9.510,-16.423,62.842,8.027,-41.845,-46.733,-53.011,-48.041,-38.410,-25.783,-17.919,-35.837,-88.238,-106.823,-125.040,-131.524,-133.118,-8.000,-544.798,-289.718,14.557,-320.508,102.175
83565.826,302.223,0.963,16.788,135.733,-9.510,-18.692,62.507,8.241,-41.636,-45.870,-53.945,-48.468,-37.768,-26.899,-13.022,-36.996,-86.221,-106.614,-127.442,-131.006,-137.619,-8.000,-544.798,-289.718,14.557,-320.508,102.185
83565.826,302.246,0.963,34.111,560.361,-30.002,-389.615,274.583,24.188,-203.305,-227.188,-255.714,-243.835,-210.630,-143.760,-9.895,-65.465,-142.285,-197.103,-296.252,-537.937,-1056.040,-8.000,-544.798,-289.718,14.557,-320.557,102.185
83569.858,302.246,0.963,34.115,560.519,-29.841,-390.047,273.356,24.188,-203.201,-227.296,-256.337,-243.942,-211.593,-144.318,-9.791,-66.836,-143.240,-198.148,-296.147,-537.108,-1054.916,-8.000,-544.798,-289.718,14.557,-320.524,102.185
83565.826,302.246,0.963,34.113,560.440,-30.002,-391.127,273.021,23.649,-203.097,-227.296,-256.544,-244.155,-210.844,-146.327,-11.145,-65.993,-142.815,-198.148,-296.252,-532.445,-1051.881,-8.000,-544.798,-289.718,14.557,-320.524,102.185
83561.795,302.247,0.963,34.112,560.361,-30.002,-393.180,273.691,23.542,-203.173,-227.404,-255.818,-243.622,-210.737,-144.652,-10.729,-66.309,-143.134,-198.044,-296.043,-532.238,-1055.365,-8.000,-544.798,-289.718,14.557,-320.540,102.196
83565.826,302.244,0.963,34.108,560.282,-29.841,-395.449,272.910,22.900,-204.634,-228.809,-257.167,-245.116,-212.770,-147.220,-11.562,-67.890,-143.665,-198.671,-295.625,-533.171,-1056.152,-8.000,-544.798,-289.718,14.557,-320.524,102.175
83561.795,302.247,0.963,34.112,560.361,-30.162,-393.072,271.570,22.258,-204.008,-228.701,-257.482,-244.689,-212.128,-147.443,-11.770,-66.625,-145.151,-198.148,-295.938,-533.482,-1056.602,-8.000,-544.798,-289.718,14.557,-320.557,102.196
83553.732,302.246,0.963,34.109,560.203,-30.162,-395.233,272.798,22.472,-204.634,-228.593,-258.001,-245.118,-212.877,-146.773,-12.604,-67.152,-143.453,-199.089,-295.834,-534.000,-1059.973,-8.000,-544.798,-289.718,14.557,-320.524,102.164
83561.795,302.246,0.963,34.112,560.361,-30.002,-396.530,273.803,23.221,-204.739,-228.593,-256.756,-244.798,-211.843,-146.550,-11.458,-66.836,-144.833,-198.044,-296.565,-535.140,-1058.175,-8.000,-544.798,-289.718,14.557,-320.540,102.185
83565.826,302.244,0.963,34.111,560.361,-29.841,-393.180,272.798,23.114,-203.800,-227.837,-256.859,-244.371,-211.415,-145.098,-11.041,-66.309,-143.877,-198.462,-295.625,-535.761,-1054.129,-8.000,-544.798,-289.718,14.557,-320.557,102.185
83565.826,302.244,0.963,34.113,560.440,-29.841,-391.884,273.914,23.542,-203.591,-227.406,-257.067,-244.051,-211.308,-145.433,-11.666,-65.782,-143.665,-197.939,-296.252,-537.834,-1057.388,-8.000,-544.798,-289.718,14.557,-320.508,102.185
83557.763,302.244,0.963,34.105,560.124,-29.521,-393.072,273.803,23.542,-204.634,-228.161,-257.171,-245.545,-212.057,-146.437,-12.083,-66.087,-144.408,-198.566,-296.460,-534.103,-1052.893,-8.000,-544.798,-289.718,14.557,-320.557,102.175
83557.763,302.241,0.963,34.115,560.440,-29.681,-394.153,274.138,23.649,-203.800,-227.730,-256.133,-243.197,-211.736,-144.093,-9.791,-64.928,-143.028,-197.626,-296.043,-529.958,-1052.556,-8.000,-544.798,-289.718,14.557,-320.508,102.196
83557.763,302.244,0.963,34.112,560.361,-29.681,-391.451,273.691,24.399,-203.069,-227.514,-255.926,-244.264,-210.452,-144.763,-8.958,-64.928,-143.559,-197.236,-294.789,-529.025,-1051.207,-8.000,-544.798,-289.718,14.557,-320.540,102.185
83561.795,302.244,0.963,34.109,560.282,-29.841,-390.911,275.031,23.435,-202.339,-227.406,-255.926,-243.624,-210.345,-142.307,-10.000,-64.295,-141.010,-194.832,-294.685,-531.202,-1051.432,-8.000,-544.798,-289.718,14.557,-320.557,102.196
83553.732,302.241,0.963,34.108,560.203,-29.681,-389.939,274.361,24.934,-202.860,-227.082,-255.511,-243.197,-210.345,-142.865,-7.604,-65.139,-141.435,-195.668,-295.207,-533.143,-1055.927,-8.000,-544.798,-289.718,14.557,-320.557,102.185
83557.763,302.243,0.963,34.105,560.124,-29.361,-387.886,274.249,24.185,-202.339,-227.945,-255.822,-242.983,-210.666,-143.312,-9.479,-65.244,-142.922,-196.400,-294.894,-533.661,-1045.920,-8.000,-544.798,-289.718,14.557,-320.557,102.207
83553.732,302.243,0.963,34.108,560.203,-29.841,-388.858,274.026,22.900,-204.113,-228.161,-256.963,-243.944,-211.629,-145.433,-10.937,-66.931,-143.665,-198.490,-295.834,-535.112,-1049.965,-8.000,-544.798,-289.718,14.557,-320.557,102.196
83557.763,302.243,0.963,34.105,560.124,-29.681,-389.939,273.914,23.114,-204.217,-227.730,-256.756,-244.584,-211.415,-144.874,-10.000,-66.509,-142.709,-197.445,-297.296,-537.081,-1052.101,-8.000,-544.798,-289.718,14.557,-320.573,102.196
83565.826,302.239,0.963,34.099,559.966,-29.681,-390.803,273.356,22.904,-204.113,-228.701,-257.274,-244.691,-213.234,-147.218,-11.666,-67.563,-143.665,-199.013,-297.087,-531.277,-1055.809,-8.000,-544.798,-289.718,14.557,-320.524,102.175
83557.763,302.243,0.963,34.105,560.124,-29.681,-392.856,272.687,21.834,-204.321,-228.485,-257.482,-244.584,-211.843,-146.995,-11.041,-66.193,-142.709,-197.759,-296.460,-532.210,-1049.853,-8.000,-544.798,-289.718,14.557,-320.557,102.185
83569.858,302.294,0.963,8.954,38.606,-12.391,30.306,-10.029,-19.555,-25.048,-18.456,-16.808,-17.188,-17.116,-14.398,-4.583,-0.738,-7.964,-2.718,-7.627,-14.405,-19.129,0.000,-544.798,-289.718,14.557,-320.540,102.185
83565.826,302.289,0.963,8.963,38.685,-11.751,29.657,-10.029,-19.876,-25.361,-17.916,-17.016,-16.441,-18.186,-14.956,-3.542,-1.160,-8.388,-3.240,-7.313,-14.819,-19.692,0.000,-544.798,-289.718,14.557,-320.524,102.185
83561.795,302.294,0.963,8.945,38.527,-12.231,30.090,-10.809,-19.769,-25.152,-18.024,-16.912,-16.761,-17.651,-15.626,-3.437,-0.949,-8.176,-3.136,-7.731,-14.094,-19.242,0.000,-544.798,-289.718,14.557,-320.557,102.196
83561.795,302.289,0.963,8.954,38.606,-11.911,30.090,-9.918,-20.410,-24.940,-18.348,-17.119,-16.975,-17.544,-14.956,-4.583,-0.949,-8.495,-3.554,-7.731,-14.612,-19.580,0.000,-544.798,-289.718,14.557,-320.557,102.175
83561.795,302.291,0.963,8.954,38.606,-12.231,29.765,-10.141,-19.448,-25.879,-18.132,-17.223,-16.654,-17.437,-15.068,-3.958,-1.054,-8.070,-3.449,-7.627,-14.923,-20.142,0.000,-544.798,-289.718,14.557,-320.540,102.218
83557.763,302.289,0.963,8.945,38.527,-12.071,29.982,-10.921,-19.769,-24.731,-19.211,-17.117,-17.188,-17.865,-15.515,-4.166,-0.843,-9.132,-2.718,-7.940,-14.715,-20.030,0.000,-544.798,-289.718,14.557,-320.508,102.196
83569.858,302.288,0.963,8.954,38.606,-12.071,29.765,-10.475,-19.769,-25.149,-18.348,-17.843,-16.761,-17.437,-15.180,-3.854,-0.843,-7.964,-3.972,-7.418,-14.405,-20.255,0.000,-544.798,-289.718,14.557,-320.540,102.207
83569.858,302.289,0.963,8.972,38.764,-12.231,29.874,-10.141,-19.555,-26.088,-18.456,-17.325,-17.081,-17.868,-15.068,-4.166,-0.843,-8.070,-2.927,-8.358,-14.405,-19.805,0.000,-544.798,-289.718,14.557,-320.524,102.175
83565.826,302.289,0.963,8.972,38.764,-12.071,29.224,-9.918,-20.089,-24.627,-18.456,-17.843,-16.975,-17.975,-15.291,-3.750,-1.160,-8.495,-3.449,-7.418,-14.819,-19.917,0.000,-544.798,-289.718,14.557,-320.540,102.196
83569.858,302.288,0.963,8.963,38.685,-12.071,29.549,-10.586,-19.876,-25.149,-17.700,-18.051,-16.761,-17.654,-14.956,-3.646,-0.949,-8.282,-3.136,-7.836,-14.301,-20.592,0.000,-544.798,-289.718,14.557,-320.524,102.196
83561.795,302.291,0.963,8.954,38.606,-12.231,29.982,-10.141,-20.089,-25.358,-18.132,-16.910,-16.975,-17.761,-14.510,-4.583,-1.159,-8.601,-2.613,-7.627,-14.612,-19.242,0.000,-544.798,-289.718,14.557,-320.557,102.207
83561.795,302.289,0.963,8.973,38.764,-12.071,29.332,-10.029,-19.769,-25.358,-18.348,-17.325,-16.548,-17.868,-14.510,-3.229,-1.265,-7.858,-2.927,-6.896,-14.301,-19.242,0.000,-544.798,-289.718,14.557,-320.557,102.196
83557.763,302.291,0.963,8.964,38.685,-12.071,30.090,-11.478,-19.662,-24.940,-18.132,-17.532,-16.761,-17.333,-15.179,-3.646,-1.054,-8.919,-3.240,-7.209,-14.197,-19.467,0.000,-544.798,-289.718,14.557,-320.524,102.175
83565.826,302.293,0.963,8.963,38.685,-12.071,30.523,-9.472,-20.410,-25.358,-18.672,-17.532,-16.548,-16.905,-13.728,-4.166,-0.843,-8.282,-3.240,-7.730,-14.612,-19.242,0.000,-544.798,-289.718,14.557,-320.557,102.185
83557.763,302.291,0.963,8.954,38.606,-12.231,30.523,-10.252,-19.448,-25.671,-18.348,-17.636,-16.548,-17.440,-14.956,-3.437,-1.581,-8.282,-3.136,-7.939,-14.301,-19.467,0.000,-544.798,-289.718,14.557,-320.540,102.175
83561.795,302.288,0.963,8.963,38.685,-11.751,30.198,-10.586,-19.448,-24.836,-19.535,-17.221,-16.548,-17.547,-14.733,-3.646,-0.316,-8.495,-3.136,-6.686,-14.923,-20.030,0.000,-544.798,-289.718,14.557,-320.524,102.175
83557.763,302.289,0.963,8.973,38.764,-12.071,30.095,-10.252,-20.089,-25.149,-18.348,-18.673,-17.081,-17.333,-15.179,-4.166,-0.843,-7.114,-3.867,-7.521,-14.612,-20.030,0.000,-544.798,-289.718,14.557,-320.540,102.175
83557.763,302.293,0.963,8.973,38.764,-12.071,29.986,-9.584,-19.555,-25.566,-18.456,-17.325,-17.402,-17.547,-14.510,-3.750,-0.316,-8.070,-2.927,-8.148,-13.990,-19.129,0.000,-544.798,-289.718,14.557,-320.524,102.196
83565.826,302.289,0.963,8.972,38.764,-12.071,29.770,-10.475,-19.555,-25.044,-19.211,-18.051,-16.441,-18.403,-15.514,-3.437,-0.843,-8.282,-3.345,-7.312,-15.026,-19.354,0.000,-544.798,-289.718,14.557,-320.557,102.175
83565.826,302.291,0.963,8.981,38.843,-12.071,30.095,-10.698,-20.410,-25.253,-18.240,-17.636,-17.402,-17.440,-15.179,-3.750,-0.527,-7.964,-2.927,-7.103,-14.508,-19.804,0.000,-544.798,-289.718,14.557,-320.540,102.175
83561.795,302.305,0.963,17.057,140.080,-7.428,138.566,-83.786,-117.011,-138.684,-114.639,-99.901,-88.704,-87.840,-56.143,7.514,7.500,-3.291,-0.627,-9.403,-23.113,-28.249,0.000,-544.798,-289.718,14.557,-320.540,102.196
83561.795,302.304,0.963,17.052,140.001,-7.749,139.215,-84.900,-117.331,-138.788,-114.747,-100.213,-88.810,-86.984,-54.357,7.514,7.500,-2.442,-0.627,-9.717,-22.180,-28.361,0.000,-544.798,-289.718,14.557,-320.524,102.207
83557.763,302.302,0.963,17.057,140.080,-7.268,139.107,-83.563,-118.079,-138.788,-115.179,-99.590,-89.558,-87.733,-53.687,7.096,7.394,-2.654,-0.627,-10.030,-22.388,-27.799,0.000,-544.798,-289.718,14.557,-320.557,102.196
83557.763,302.302,0.963,17.052,140.001,-7.268,138.025,-84.566,-117.438,-139.958,-114.963,-100.316,-88.704,-87.947,-60.831,8.140,6.972,-2.973,0.105,-9.925,-22.180,-27.011,0.000,-544.798,-289.718,14.557,-320.540,102.185
83565.826,302.305,0.963,17.057,140.080,-7.108,139.865,-85.123,-117.972,-139.228,-115.159,-100.109,-88.490,-86.984,-56.478,8.348,8.028,-2.867,0.314,-9.194,-21.869,-27.461,0.000,-544.798,-289.718,14.557,-320.573,102.196
83561.795,302.305,0.963,17.052,140.001,-7.428,139.432,-84.232,-118.293,-138.602,-114.943,-100.524,-88.704,-86.770,-59.268,7.618,7.817,-2.548,-0.314,-9.299,-21.662,-27.461,0.000,-544.798,-289.718,14.557,-320.540,102.196
83561.795,302.305,0.963,17.057,140.080,-7.428,139.107,-84.678,-117.545,-139.854,-115.267,-100.213,-89.451,-86.984,-58.710,8.766,7.289,-2.230,0.000,-10.030,-21.973,-27.011,0.000,-544.798,-289.718,14.557,-320.524,102.185
83557.763,302.305,0.963,17.053,140.001,-7.588,139.757,-85.123,-117.545,-138.602,-115.807,-100.316,-89.237,-87.519,-58.040,8.557,7.923,-2.548,0.524,-8.881,-21.869,-26.448,0.000,-544.798,-289.718,14.557,-320.573,102.196
83557.763,302.307,0.963,17.053,140.001,-7.588,139.648,-84.232,-117.759,-139.019,-114.619,-101.354,-88.810,-86.449,-53.119,8.453,8.345,-2.336,-0.314,-9.090,-21.040,-27.011,0.000,-544.798,-289.718,14.557,-320.524,102.196
83557.763,302.307,0.963,17.053,140.001,-7.268,139.757,-84.789,-117.224,-139.228,-114.727,-99.798,-89.558,-87.091,-51.668,7.619,8.028,-2.548,0.314,-9.403,-22.284,-26.448,0.000,-544.798,-289.718,14.557,-320.508,102.185
83557.763,302.309,0.963,17.062,140.159,-7.428,139.324,-84.789,-117.759,-139.541,-115.267,-100.109,-88.810,-87.198,-53.231,8.037,7.921,-2.973,0.105,-9.090,-22.180,-27.461,0.000,-544.798,-289.718,14.557,-320.524,102.196
83561.795,302.307,0.963,17.052,140.001,-7.268,139.540,-86.237,-118.400,-139.228,-115.159,-100.835,-89.131,-87.198,-55.016,7.619,7.499,-3.079,-0.209,-9.299,-21.869,-27.686,0.000,-544.798,-289.718,14.557,-320.524,102.185
83553.732,302.305,0.963,17.048,139.922,-7.428,138.999,-84.232,-119.148,-139.541,-115.159,-100.213,-89.451,-87.198,-54.347,6.680,7.499,-2.230,-0.418,-9.508,-21.351,-27.123,0.000,-544.798,-289.718,14.557,-320.540,102.196
83557.763,302.309,0.963,17.048,139.922,-7.268,138.782,-85.235,-117.865,-139.958,-115.267,-100.213,-89.131,-88.054,-53.231,8.141,6.760,-3.079,-0.105,-10.030,-22.388,-27.686,0.000,-544.798,-289.718,14.557,-320.524,102.196
83553.732,302.305,0.963,17.053,140.001,-7.268,138.891,-85.235,-118.507,-139.332,-116.346,-100.524,-89.771,-87.947,-55.239,7.619,7.499,-3.292,-0.418,-9.612,-22.491,-27.911,0.000,-544.798,-289.718,14.557,-320.557,102.196
83561.795,302.309,0.963,17.047,139.922,-7.428,138.891,-84.678,-117.972,-139.019,-115.051,-100.627,-89.131,-87.091,-59.257,7.828,7.710,-2.442,-0.314,-9.299,-21.247,-27.456,0.000,-544.798,-289.718,14.557,-320.524,102.196
83561.795,302.305,0.963,17.047,139.922,-7.428,138.977,-85.123,-118.827,-139.019,-115.375,-100.005,-89.878,-86.877,-58.810,8.454,7.499,-2.442,0.209,-9.612,-21.972,-27.344,0.000,-544.798,-289.718,14.557,-320.573,102.196
83565.826,302.309,0.963,17.057,140.080,-7.428,138.977,-84.803,-117.972,-139.123,-114.835,-99.694,-88.917,-87.626,-64.725,7.723,7.288,-2.442,0.209,-8.881,-22.491,-27.681,0.000,-544.798,-289.718,14.557,-320.540,102.185
83557.763,302.310,0.963,17.062,140.159,-7.428,139.302,-85.695,-118.079,-138.810,-114.727,-100.316,-88.490,-86.556,-64.837,7.515,7.288,-2.973,0.000,-9.507,-21.143,-27.794,0.000,-544.798,-289.718,14.557,-320.540,102.196
83561.795,302.309,0.963,17.047,139.922,-7.428,139.626,-84.581,-118.186,-138.788,-114.835,-99.486,-88.277,-86.877,-58.922,7.306,7.605,-2.655,0.000,-9.299,-21.869,-27.344,0.000,-544.798,-289.718,14.557,-320.524,102.185
83565.826,302.322,0.963,33.997,556.489,-24.238,567.922,-371.190,-512.064,-606.894,-514.496,-466.065,-405.256,-373.019,-99.896,37.469,25.665,3.937,-6.794,-38.448,-81.142,-96.548,0.000,-544.798,-289.718,14.557,-320.540,102.185
83561.795,302.320,0.963,33.998,556.489,-24.238,567.381,-371.913,-511.102,-606.581,-515.144,-465.131,-406.004,-374.196,-101.570,38.408,25.876,3.086,-5.435,-39.388,-81.660,-96.210,0.000,-544.798,-289.718,14.557,-320.540,102.175
83565.826,302.322,0.963,33.997,556.489,-24.238,566.407,-371.579,-511.106,-606.164,-515.575,-465.028,-405.043,-374.303,-100.342,37.887,25.771,2.554,-6.690,-38.970,-82.178,-97.110,0.000,-544.798,-289.718,14.557,-320.524,102.175
83557.763,302.320,0.963,33.999,556.489,-24.078,566.082,-371.690,-510.145,-606.164,-514.604,-465.650,-405.150,-373.875,-101.458,37.469,25.348,2.873,-6.062,-39.179,-80.935,-98.235,0.000,-544.798,-289.718,14.557,-320.540,102.196
83557.763,302.322,0.963,33.996,556.410,-24.238,566.298,-371.244,-511.213,-606.059,-514.276,-464.612,-405.256,-373.447,-99.561,36.634,25.771,3.724,-6.167,-38.866,-81.557,-96.435,0.000,-544.798,-289.718,14.557,-320.557,102.185
83565.826,302.320,0.963,33.999,556.568,-24.718,565.432,-370.799,-510.038,-605.746,-513.628,-464.443,-404.723,-374.516,-100.677,37.678,24.715,2.979,-6.481,-40.015,-82.075,-98.798,0.000,-544.798,-289.718,14.557,-320.557,102.175
83561.795,302.320,0.963,33.998,556.489,-24.398,565.757,-371.802,-511.427,-606.477,-515.247,-465.687,-406.111,-373.768,-102.686,36.425,24.715,1.277,-6.899,-39.910,-82.696,-99.023,0.000,-544.798,-289.718,14.557,-320.540,102.207
83565.826,302.318,0.963,33.997,556.489,-24.718,564.675,-370.799,-511.961,-606.894,-515.139,-465.999,-405.897,-373.982,-100.454,35.799,24.609,2.447,-7.526,-40.119,-83.422,-98.686,0.000,-544.798,-289.718,14.557,-320.573,102.185
83553.732,302.318,0.963,33.999,556.489,-24.558,564.134,-371.467,-511.000,-607.625,-515.355,-464.754,-405.790,-374.089,-99.671,36.634,24.292,2.022,-7.317,-40.328,-82.489,-98.460,0.000,-544.798,-289.718,14.557,-320.573,102.185
83565.826,302.318,0.963,33.992,556.331,-24.398,565.108,-371.244,-510.358,-606.059,-515.247,-465.065,-404.723,-373.875,-100.006,36.942,25.454,2.128,-7.212,-39.806,-83.318,-99.248,0.000,-544.798,-289.718,14.557,-320.557,102.196
83565.826,302.320,0.963,33.997,556.489,-24.558,564.567,-370.799,-510.893,-606.372,-514.384,-465.687,-405.256,-374.837,-100.229,36.733,24.824,3.086,-7.421,-39.702,-82.178,-98.348,0.000,-544.798,-289.718,14.557,-320.557,102.185
83557.763,302.320,0.963,33.996,556.410,-24.718,565.541,-370.019,-510.572,-605.537,-513.844,-463.198,-404.616,-373.126,-98.555,37.672,25.986,3.723,-5.017,-39.075,-81.142,-96.998,0.000,-544.798,-289.718,14.557,-320.508,102.175
83561.795,302.320,0.963,33.995,556.410,-24.398,566.082,-370.019,-509.076,-605.120,-512.981,-464.131,-403.121,-372.805,-101.010,38.194,25.669,3.085,-5.852,-39.075,-81.557,-96.660,0.000,-544.798,-289.718,14.557,-320.540,102.196
83557.763,302.315,0.963,34.001,556.568,-24.558,565.757,-370.353,-509.503,-605.224,-513.736,-464.028,-404.189,-372.591,-101.568,37.359,24.930,2.553,-6.375,-39.277,-82.386,-99.023,0.000,-544.798,-289.718,14.557,-320.524,102.185
83565.826,302.318,0.963,33.999,556.568,-24.718,564.242,-370.130,-511.213,-605.224,-513.521,-464.546,-404.723,-373.019,-101.680,35.898,24.613,2.128,-7.629,-40.218,-83.122,-98.911,0.000,-544.798,-289.718,14.557,-320.557,102.196
83565.826,302.317,0.963,33.994,556.410,-24.558,563.376,-370.242,-510.145,-606.164,-514.492,-464.546,-405.577,-374.303,-102.685,36.211,23.979,1.915,-7.420,-40.426,-83.226,-99.022,0.000,-544.798,-289.718,14.557,-320.540,102.207
83569.858,302.318,0.963,33.996,556.489,-24.718,564.006,-371.244,-510.358,-604.807,-514.708,-464.339,-404.296,-373.554,-100.899,36.420,25.141,1.808,-6.898,-39.173,-83.019,-99.247,0.000,-544.798,-289.718,14.557,-320.524,102.185
83565.826,302.317,0.963,33.997,556.489,-24.718,564.439,-369.796,-510.251,-605.120,-513.736,-464.961,-404.509,-373.661,-99.336,36.002,24.930,2.128,-7.943,-39.486,-83.433,-99.585,0.000,-544.798,-289.718,14.557,-320.524,102.185
83561.795,302.315,0.963,34.000,556.568,-24.718,564.115,-369.462,-509.503,-605.015,-512.441,-462.990,-403.762,-372.484,-98.555,37.255,25.563,3.404,-6.061,-39.800,-82.293,-98.910,0.000,-544.798,-289.718,14.557,-320.557,102.185
83557.763,302.315,0.963,33.996,556.410,-24.718,564.764,-370.687,-509.397,-605.138,-513.952,-464.339,-403.975,-374.516,-101.345,37.255,25.775,2.979,-6.689,-38.546,-82.708,-98.122,0.000,-544.798,-289.718,14.557,-320.573,102.185
83553.732,302.352,0.963,9.010,39.080,-24.398,35.069,-34.879,-27.569,-17.951,-17.916,-20.647,-23.273,-23.106,-21.542,-5.625,2.007,-2.124,6.386,5.023,5.606,8.121,8.000,-544.798,-289.718,14.557,-320.540,102.196
83553.732,302.349,0.963,9.010,39.080,-24.558,33.445,-35.548,-27.676,-18.369,-17.916,-21.788,-22.313,-24.818,-22.435,-5.000,1.795,-1.911,6.072,5.337,5.502,7.782,8.000,-544.798,-289.718,14.557,-320.557,102.196
83557.763,302.351,0.963,9.019,39.159,-24.718,34.528,-36.663,-27.997,-18.473,-17.808,-21.581,-22.846,-24.283,-22.546,-5.104,1.901,-2.336,5.758,6.174,5.814,7.444,8.000,-544.798,-289.718,14.557,-320.524,102.185
83561.795,302.352,0.963,9.010,39.080,-24.558,33.878,-35.325,-28.424,-19.096,-17.592,-21.685,-23.060,-24.283,-22.546,-5.625,1.795,-1.805,5.967,5.964,5.814,8.121,8.000,-544.798,-289.718,14.557,-320.557,102.185
83557.763,302.354,0.963,9.028,39.238,-24.398,33.445,-35.660,-28.318,-20.244,-17.916,-21.892,-22.740,-24.069,-22.658,-4.687,1.056,-1.487,5.862,5.337,5.918,7.895,8.000,-544.798,-289.718,14.557,-320.540,102.207
83557.763,302.352,0.963,9.028,39.238,-24.718,33.987,-36.440,-28.638,-18.888,-18.780,-22.200,-22.740,-24.497,-22.770,-5.208,2.112,-2.230,6.072,5.651,5.295,7.895,8.000,-544.798,-289.718,14.557,-320.540,102.185
83557.763,302.354,0.963,9.010,39.080,-24.558,33.987,-36.106,-28.852,-19.201,-18.024,-22.615,-23.060,-23.855,-21.653,-5.312,1.584,-1.911,5.653,5.755,5.918,8.008,8.000,-544.798,-289.718,14.557,-320.557,102.175
83553.732,302.351,0.963,9.020,39.159,-24.718,33.770,-36.106,-28.424,-19.514,-18.564,-21.578,-23.273,-24.394,-21.765,-5.000,1.795,-2.230,6.386,4.709,5.295,8.008,8.000,-544.798,-289.718,14.557,-320.557,102.175
83557.763,302.351,0.963,9.010,39.080,-24.718,33.445,-35.994,-29.066,-19.305,-18.456,-21.993,-23.060,-24.608,-21.095,-4.583,2.324,-1.911,6.491,5.860,5.502,8.233,8.000,-544.798,-289.718,14.557,-320.557,102.185
83553.732,302.352,0.963,9.010,39.080,-24.718,34.203,-36.663,-28.745,-19.409,-18.348,-22.823,-22.953,-24.715,-20.983,-4.896,2.218,-1.593,6.281,5.860,6.022,7.557,8.000,-544.798,-289.718,14.557,-320.540,102.185
83553.732,302.351,0.963,8.992,38.922,-24.398,33.662,-36.551,-28.745,-19.409,-18.132,-22.097,-23.060,-23.859,-19.979,-5.000,2.641,-2.017,6.595,5.546,6.437,8.797,8.000,-544.798,-289.718,14.557,-320.557,102.185
83553.732,302.347,0.963,9.019,39.159,-24.558,33.662,-36.106,-28.424,-19.305,-18.132,-21.889,-22.846,-24.394,-21.207,-4.166,2.007,-2.017,6.595,5.860,6.022,8.572,8.000,-544.798,-289.718,14.557,-320.557,102.196
83553.732,302.349,0.963,9.001,39.001,-24.398,34.852,-37.220,-29.066,-18.888,-18.456,-21.993,-22.846,-23.538,-20.090,-4.583,2.324,-1.911,6.491,6.069,6.956,8.121,8.000,-544.798,-289.718,14.557,-320.557,102.185
83553.732,302.349,0.963,9.001,39.001,-24.718,34.311,-36.328,-29.386,-18.679,-18.780,-22.097,-22.740,-23.966,-20.202,-5.208,2.113,-1.168,6.072,5.965,6.541,9.249,8.000,-544.798,-289.718,14.557,-320.540,102.185
83561.795,302.352,0.963,9.010,39.080,-24.398,33.987,-36.774,-28.104,-20.036,-17.916,-21.682,-22.313,-23.752,-21.318,-4.375,1.268,-1.699,6.700,5.442,6.333,9.136,8.000,-544.798,-289.718,14.557,-320.540,102.185
83557.763,302.349,0.963,9.010,39.080,-24.558,34.311,-37.108,-28.745,-18.783,-18.995,-21.682,-22.953,-24.180,-21.207,-4.375,2.113,-2.017,6.491,5.756,6.333,8.234,8.000,-544.798,-289.718,14.557,-320.557,102.175
83561.795,302.347,0.963,9.010,39.080,-24.238,33.775,-35.994,-29.066,-19.305,-17.916,-21.889,-22.313,-24.715,-21.207,-4.791,1.479,-1.274,5.863,5.442,6.125,8.797,8.000,-544.798,-289.718,14.557,-320.557,102.196
83557.763,302.351,0.963,8.992,38.922,-24.718,33.775,-36.328,-28.638,-19.618,-18.240,-21.578,-23.060,-24.394,-21.318,-3.854,1.585,-1.274,5.967,5.023,6.229,8.797,8.000,-544.798,-289.718,14.557,-320.557,102.196
83553.732,302.349,0.963,9.001,39.001,-24.398,33.667,-36.886,-28.532,-18.888,-18.564,-21.785,-23.060,-24.501,-22.323,-4.583,1.901,-1.487,6.386,5.547,5.710,8.459,8.000,-544.798,-289.718,14.557,-320.540,102.185
83561.795,302.351,0.963,9.001,39.001,-24.238,33.775,-36.328,-28.104,-18.679,-17.808,-22.200,-23.167,-24.287,-23.327,-5.208,2.113,-1.168,6.386,5.861,6.437,7.557,8.000,-544.798,-289.718,14.557,-320.573,102.175
83561.795,302.362,0.963,16.884,137.235,-30.322,129.885,-129.933,-96.065,-74.936,-74.903,-81.447,-81.243,-80.017,-75.898,-19.062,-0.211,5.001,16.331,17.998,27.201,40.604,8.000,-544.798,-289.718,14.557,-320.524,102.175
83561.795,302.360,0.963,16.879,137.156,-30.002,129.344,-130.025,-96.279,-73.892,-74.363,-81.447,-80.389,-79.696,-74.782,-19.062,-0.316,3.937,16.122,19.463,26.682,40.040,8.000,-544.798,-289.718,14.557,-320.557,102.196
83569.858,302.359,0.963,16.888,137.314,-30.002,130.101,-129.245,-96.387,-73.266,-73.499,-81.240,-80.069,-78.947,-73.778,-19.166,0.211,4.894,16.541,18.521,26.890,38.573,8.000,-544.798,-289.718,14.557,-320.557,102.185
83557.763,302.360,0.963,16.890,137.314,-30.322,130.101,-128.242,-96.387,-73.881,-73.931,-80.098,-79.429,-80.231,-73.331,-19.687,0.106,4.894,16.436,18.940,26.578,39.814,8.000,-544.798,-289.718,14.557,-320.540,102.185
83557.763,302.360,0.963,16.885,137.235,-30.002,129.236,-128.465,-95.532,-73.255,-74.255,-81.655,-78.895,-78.198,-74.782,-18.020,-0.211,4.362,16.436,18.835,26.474,39.589,8.000,-544.798,-289.718,14.557,-320.540,102.175
83557.763,302.359,0.963,16.890,137.314,-30.322,129.885,-129.133,-95.532,-72.733,-73.499,-80.606,-81.777,-79.589,-73.220,-18.853,0.739,4.043,17.064,18.835,26.786,39.363,8.000,-544.798,-289.718,14.557,-320.524,102.196
83561.795,302.359,0.963,16.889,137.314,-30.642,129.777,-127.128,-94.998,-72.003,-72.420,-79.880,-79.749,-78.733,-73.555,-19.478,0.317,4.362,15.598,18.417,26.370,38.912,8.000,-544.798,-289.718,14.557,-320.557,102.196
83557.763,302.357,0.963,16.880,137.156,-30.162,130.643,-126.125,-92.754,-72.003,-72.096,-77.597,-79.108,-79.709,-73.889,-19.582,-0.843,3.937,16.645,18.103,26.370,39.363,8.000,-544.798,-289.718,14.557,-320.557,102.196
83557.763,302.359,0.963,16.885,137.235,-30.162,131.076,-125.234,-91.685,-69.916,-72.204,-78.220,-78.361,-77.997,-74.335,-19.062,0.211,4.362,16.436,18.521,25.436,39.025,8.000,-544.798,-289.718,14.557,-320.540,102.185
83561.795,302.357,0.963,16.889,137.314,-30.162,131.184,-124.565,-91.578,-70.020,-71.233,-78.531,-78.895,-78.211,-73.888,-19.794,-0.105,4.469,15.494,18.521,26.059,38.122,8.000,-544.798,-289.718,14.557,-320.557,102.185
83565.826,302.360,0.963,16.884,137.235,-30.322,130.859,-123.562,-91.792,-70.438,-72.528,-77.909,-78.361,-76.392,-71.209,-19.794,-0.316,4.043,16.227,18.207,26.267,38.686,8.000,-544.798,-289.718,14.557,-320.524,102.207
83553.732,302.359,0.963,16.890,137.314,-30.322,129.885,-124.120,-91.151,-70.229,-71.773,-78.842,-78.361,-78.211,-70.428,-19.065,-0.316,4.575,15.808,18.521,25.436,38.573,8.000,-544.798,-289.718,14.557,-320.557,102.196
83561.795,302.360,0.963,16.894,137.393,-30.322,130.101,-125.011,-92.112,-70.438,-72.312,-79.153,-79.429,-78.853,-70.651,-19.586,-0.422,3.830,15.703,18.312,25.644,38.348,8.000,-544.798,-289.718,14.557,-320.557,102.185
83561.795,302.359,0.963,16.894,137.393,-30.162,130.426,-124.565,-92.860,-70.959,-72.852,-78.531,-78.468,-78.425,-71.768,-19.377,-0.527,4.256,15.598,18.210,26.267,38.912,8.000,-544.798,-289.718,14.557,-320.540,102.185
83569.858,302.362,0.963,16.903,137.551,-30.642,129.668,-125.234,-91.899,-71.168,-72.420,-78.842,-78.468,-78.425,-73.107,-18.961,-0.738,4.682,16.122,18.001,25.851,38.461,8.000,-544.798,-289.718,14.557,-320.557,102.175
83565.826,302.363,0.963,16.903,137.551,-30.482,130.318,-126.125,-92.219,-70.751,-72.528,-78.427,-78.041,-78.211,-73.219,-18.648,0.211,4.043,16.227,18.315,26.267,38.461,8.000,-544.798,-289.718,14.557,-320.540,102.207
83565.826,302.362,0.963,16.894,137.393,-30.322,129.797,-124.677,-92.326,-70.751,-72.096,-78.946,-77.614,-77.248,-71.544,-19.586,-0.843,4.682,15.494,18.001,26.059,38.010,8.000,-544.798,-289.718,14.557,-320.573,102.207
83565.826,302.360,0.963,16.899,137.472,-30.482,129.580,-124.788,-91.899,-71.272,-72.204,-78.012,-78.895,-78.425,-71.879,-18.856,-0.632,3.724,15.912,17.373,25.436,38.010,8.000,-544.798,-289.718,14.557,-320.557,102.185
83557.763,302.362,0.963,16.899,137.472,-30.482,129.580,-124.120,-91.365,-70.229,-71.665,-77.805,-79.108,-80.137,-73.777,-19.169,-0.527,4.362,15.598,18.315,24.813,37.897,8.000,-544.798,-289.718,14.557,-320.540,102.196
83561.795,302.365,0.963,16.894,137.393,-30.482,129.905,-124.342,-91.472,-70.438,-70.477,-76.871,-78.041,-78.960,-74.781,-19.898,-0.949,3.937,14.761,18.001,25.125,36.543,8.000,-544.798,-289.718,14.557,-320.524,102.175
83553.732,302.359,0.963,34.057,558.306,-49.693,-29.826,-1473.940,-1273.204,-1101.530,-993.426,-660.501,-539.452,-411.102,-134.385,84.227,124.946,158.323,192.102,224.453,303.364,394.532,8.000,-544.798,-289.718,14.557,-320.573,102.175
83549.701,302.357,0.963,34.060,558.385,-49.853,-27.448,-1473.383,-1273.737,-1100.384,-993.103,-660.708,-539.025,-410.246,-132.711,86.106,126.847,160.558,193.567,226.650,305.233,396.788,8.000,-544.798,-289.718,14.557,-320.540,102.196
83549.701,302.359,0.963,34.058,558.306,-49.853,-25.071,-1473.050,-1272.137,-1099.134,-992.024,-661.331,-538.171,-409.283,-132.153,86.628,127.586,160.983,194.091,226.755,305.959,397.126,8.000,-544.798,-289.718,14.557,-320.540,102.185
83549.701,302.355,0.963,34.055,558.227,-50.013,-24.639,-1471.714,-1272.244,-1099.655,-992.563,-659.256,-538.064,-409.497,-128.804,86.836,127.058,161.515,195.138,226.232,305.959,397.013,8.000,-544.798,-289.718,14.557,-320.557,102.185
83553.732,302.357,0.963,34.057,558.306,-49.693,-25.503,-1473.606,-1272.030,-1099.759,-993.528,-659.567,-536.997,-409.818,-129.474,86.836,126.636,160.558,194.091,226.755,305.959,398.480,8.000,-544.798,-289.718,14.557,-320.540,102.207
83553.732,302.357,0.963,34.057,558.306,-49.693,-23.990,-1472.159,-1271.924,-1098.405,-993.420,-658.945,-536.143,-406.930,-127.465,87.776,128.009,161.090,195.138,226.859,306.686,397.577,8.000,-544.798,-289.718,14.557,-320.508,102.164
83545.669,302.351,0.963,34.058,558.306,-50.013,-23.990,-1470.713,-1272.137,-1098.613,-994.607,-659.048,-537.851,-409.390,-129.362,86.210,126.424,159.707,193.672,226.232,305.440,398.480,8.000,-544.798,-289.718,14.557,-320.540,102.185
83549.701,302.354,0.963,34.058,558.306,-49.533,-25.827,-1470.936,-1271.497,-1098.405,-993.205,-657.596,-535.502,-408.173,-128.916,87.671,127.058,161.090,193.567,227.173,305.959,397.126,8.000,-544.798,-289.718,14.557,-320.557,102.185
83545.669,302.355,0.963,34.059,558.306,-50.013,-25.503,-1472.827,-1271.390,-1098.509,-995.577,-658.841,-536.783,-409.350,-130.119,85.688,126.108,159.174,193.044,225.813,304.506,396.562,8.000,-544.798,-289.718,14.557,-320.557,102.164
83549.701,302.357,0.963,34.058,558.306,-49.853,-27.772,-1471.158,-1273.097,-1097.884,-993.313,-660.190,-536.036,-408.601,-129.561,85.988,127.269,160.451,193.358,226.964,305.752,396.450,8.000,-544.798,-289.718,14.557,-320.524,102.185
83549.701,302.355,0.963,34.058,558.306,-50.013,-27.124,-1472.493,-1271.070,-1099.446,-994.391,-659.982,-537.104,-409.885,-130.677,85.675,125.157,158.749,192.625,224.243,304.091,395.547,8.000,-544.798,-289.718,14.557,-320.540,102.185
83541.638,302.359,0.963,34.060,558.306,-49.853,-28.961,-1472.271,-1273.524,-1099.238,-995.038,-661.227,-537.958,-409.992,-131.793,84.736,126.002,158.430,191.892,225.394,303.156,393.855,8.000,-544.798,-289.718,14.557,-320.540,102.175
83549.701,302.355,0.963,34.063,558.464,-50.173,-27.772,-1472.493,-1273.204,-1099.967,-993.852,-662.265,-538.064,-410.313,-133.021,83.901,124.523,158.749,191.054,224.348,302.429,392.502,8.000,-544.798,-289.718,14.557,-320.557,102.185
83553.732,302.354,0.963,34.059,558.385,-50.013,-27.772,-1472.493,-1273.097,-1100.697,-994.068,-661.642,-539.666,-411.704,-133.021,83.797,125.157,158.749,191.892,224.243,303.883,395.096,8.000,-544.798,-289.718,14.557,-320.540,102.175
83549.701,302.357,0.963,34.060,558.385,-49.853,-24.747,-1471.381,-1271.284,-1098.613,-993.852,-658.945,-536.143,-409.564,-131.124,85.362,126.424,159.600,192.939,225.604,303.675,394.532,8.000,-544.798,-289.718,14.557,-320.508,102.196
83549.701,302.359,0.963,34.060,558.385,-49.853,-23.342,-1471.714,-1272.137,-1098.926,-995.793,-660.397,-537.851,-409.243,-131.347,85.258,125.791,160.026,192.834,226.127,304.921,396.788,8.000,-544.798,-289.718,14.557,-320.557,102.185
83549.701,302.360,0.963,34.060,558.385,-49.693,-21.289,-1468.933,-1270.004,-1096.009,-992.774,-657.077,-535.075,-405.391,-126.660,88.597,129.276,162.473,195.975,227.592,307.724,399.044,8.000,-544.798,-289.718,14.557,-320.524,102.175
83549.701,302.357,0.963,34.063,558.464,-49.853,-19.452,-1469.489,-1268.297,-1095.592,-994.715,-655.832,-534.755,-406.782,-126.437,89.328,127.375,161.835,194.823,227.906,306.686,400.172,8.000,-544.798,-289.718,14.557,-320.540,102.175
83549.701,302.357,0.963,34.060,558.385,-49.693,-19.235,-1466.930,-1268.297,-1094.238,-995.146,-654.276,-533.260,-404.749,-124.874,89.328,129.170,162.047,195.870,227.696,308.139,398.705,8.000,-544.798,-289.718,14.557,-320.508,102.196
83549.701,302.357,0.963,34.058,558.306,-50.013,-17.722,-1467.042,-1267.870,-1093.301,-995.254,-653.757,-534.541,-406.033,-126.102,87.658,127.164,159.919,193.776,226.755,305.648,398.367,8.000,-544.798,-289.718,14.557,-320.540,102.218
